-- Insert statements for Oracle Database
-- Note: Oracle is case-sensitive for table/column names, using uppercase to match typical Oracle conventions




-- Insert en PERSONAL
INSERT INTO PERSONAL (NUMSS,NOMBRE,APEPATERNO,APEMATERNO,TELPERSONAL,TELCASA,FECHACONTRATO,FRECUENCIAPAGO,SUELDOBASE,PUESTO,H_ENTRADA,H_SALIDA)
 VALUES (167,'Hilda','Guzmán','Reyes',5555456789,5521572456,'2015-05-16','Semana',1200.00,'Ayudante','07:35:30','12:36:19');

INSERT INTO PERSONAL (NUMSS,NOMBRE,APEPATERNO,APEMATERNO,TELPERSONAL,TELCASA,FECHACONTRATO,FRECUENCIAPAGO,SUELDOBASE,PUESTO,H_ENTRADA,H_SALIDA)
 VALUES (321,'Erendira','Del Valle','Merino',5555123456,5521573520,DATE '1995-01-01','Quincena',3000.00,'Administrador',TIME '07:35:31',TIME '10:36:19');

INSERT INTO PERSONAL (NUMSS,NOMBRE,APEPATERNO,APEMATERNO,TELPERSONAL,TELCASA,FECHACONTRATO,FRECUENCIAPAGO,SUELDOBASE,PUESTO,H_ENTRADA,H_SALIDA)
 VALUES (456,'Luis','Garcia','Becerril',5555234567,5521571234,DATE '1995-01-01','Quincena',3000.00,'Administrador',TIME '07:35:31',TIME '15:36:19');

INSERT INTO PERSONAL (NUMSS,NOMBRE,APEPATERNO,APEMATERNO,TELPERSONAL,TELCASA,FECHACONTRATO,FRECUENCIAPAGO,SUELDOBASE,PUESTO,H_ENTRADA,H_SALIDA)
 VALUES (687,'Veronica','Ordoñes','Flores',5555001234,5521579874,DATE '2010-07-01','Semana',1000.00,'Ayudante',TIME '07:35:31',TIME '09:36:19');

INSERT INTO PERSONAL (NUMSS,NOMBRE,APEPATERNO,APEMATERNO,TELPERSONAL,TELCASA,FECHACONTRATO,FRECUENCIAPAGO,SUELDOBASE,PUESTO,H_ENTRADA,H_SALIDA)
 VALUES (897,'Cristina','Monroy','Jimenez',5555345678,5521571265,DATE '2016-01-16','Semana',1200.00,'Ayudante',TIME '07:35:31',TIME '16:36:19');

-- Insert en CLIENTES
INSERT INTO CLIENTES (RFC,NOMBRE,APEPATERNO,APEMATERNO,CALLE,NUM,COLONIA,CP,ALCALDIA)
 VALUES ('CARH810911','Hilda','Guzmán','Reyes','Los Pinos',29,'La Peña',15230,'Milpa Alta');

INSERT INTO CLIENTES (RFC,NOMBRE,APEPATERNO,APEMATERNO,CALLE,NUM,COLONIA,CP,ALCALDIA)
 VALUES ('DOME751202','Erick','Dominguez','Morales','El Mirador',12,'Tejomulco',15225,'Milpa Alta');

INSERT INTO CLIENTES (RFC,NOMBRE,APEPATERNO,APEMATERNO,CALLE,NUM,COLONIA,CP,ALCALDIA)
 VALUES ('GUJA770724','Adriana','Guzmán','Jimenez','Gladiolas',30,'Jazmin',15220,'Milpa Alta');

INSERT INTO CLIENTES (RFC,NOMBRE,APEPATERNO,APEMATERNO,CALLE,NUM,COLONIA,CP,ALCALDIA)
 VALUES ('REAM850330','Mauricio','Reyes','Aguilar','Las Flores',15,'La Peña',15230,'Milpa Alta');

INSERT INTO CLIENTES (RFC,NOMBRE,APEPATERNO,APEMATERNO,CALLE,NUM,COLONIA,CP,ALCALDIA)
 VALUES ('VIPI800215','Israel','Vigueras','Perez','Aldama',48,'Jazmin',15220,'Milpa Alta');

-- Insert en PROVEEDORES
INSERT INTO PROVEEDORES (RFC,NOMEMPRESA,NOMBREREPRESENTANTE,APEP_REPRESENTANTE,TELCONTACTO,DIAPEDIDO,DIAENTREGA,TIPOPAGO)
 VALUES ('CCF911030','Coca-Cola','Esteban','Cruz',5555999911,'Jueves','Jueves','Transferencia');

INSERT INTO PROVEEDORES (RFC,NOMEMPRESA,NOMBREREPRESENTANTE,APEP_REPRESENTANTE,TELCONTACTO,DIAPEDIDO,DIAENTREGA,TIPOPAGO)
 VALUES ('CPC650101','Sabritas,Gamesa,Pepsi','Enrique','Marin',5555999922,'Jueves','Viernes','Efectivo');

INSERT INTO PROVEEDORES (RFC,NOMEMPRESA,NOMBREREPRESENTANTE,APEP_REPRESENTANTE,TELCONTACTO,DIAPEDIDO,DIAENTREGA,TIPOPAGO)
 VALUES ('GBI600203','Bimbo','Juan','Alcazar',5555999999,'Lunes','Martes','Efectivo');

-- Insert en PRODUCTOS
INSERT INTO PRODUCTOS (CODPROD,DESCRIPL,DESCRIPC,PRECIOV,EXISTENCIAS,STOCKMIN,STOCKMAX,OFERTA) 
VALUES (1,'Pan tostado clásico','Pan T Clásico',35.00,8,1,10,1);

INSERT INTO PRODUCTOS (CODPROD,DESCRIPL,DESCRIPC,PRECIOV,EXISTENCIAS,STOCKMIN,STOCKMAX,OFERTA) 
VALUES (2,'Pan integral grande','Pan Int Grnd',45.00,4,1,10,1);

INSERT INTO PRODUCTOS (CODPROD,DESCRIPL,DESCRIPC,PRECIOV,EXISTENCIAS,STOCKMIN,STOCKMAX,OFERTA) 
VALUES (3,'Roles de canela glaseados','Roles Glas',20.00,5,1,10,0);

INSERT INTO PRODUCTOS (CODPROD,DESCRIPL,DESCRIPC,PRECIOV,EXISTENCIAS,STOCKMIN,STOCKMAX,OFERTA) 
VALUES (4,'Panquecitos con chispas sabor chocolate','Panques Chispas Choc',25.00,5,1,10,0);

INSERT INTO PRODUCTOS (CODPROD,DESCRIPL,DESCRIPC,PRECIOV,EXISTENCIAS,STOCKMIN,STOCKMAX,OFERTA) 
VALUES (5,'Donitas espolvoreadas','Donas Espolv',20.00,6,1,10,0);

INSERT INTO PRODUCTOS (CODPROD,DESCRIPL,DESCRIPC,PRECIOV,EXISTENCIAS,STOCKMIN,STOCKMAX,OFERTA) 
VALUES (6,'Coca cola sabor original 235 ml botella de v','CocaCola vidrio 235',10.00,20,1,10,1);

INSERT INTO PRODUCTOS (CODPROD,DESCRIPL,DESCRIPC,PRECIOV,EXISTENCIAS,STOCKMIN,STOCKMAX,OFERTA) 
VALUES (7,'Coca cola sabor original 600 ml no retornable','CocaCola 600',15.00,15,1,10,1);

INSERT INTO PRODUCTOS (CODPROD,DESCRIPL,DESCRIPC,PRECIOV,EXISTENCIAS,STOCKMIN,STOCKMAX,OFERTA) 
VALUES (8,'Fanta sabor naranja 354 ml lata','Fanta lata',13.00,30,1,10,0);

INSERT INTO PRODUCTOS (CODPROD,DESCRIPL,DESCRIPC,PRECIOV,EXISTENCIAS,STOCKMIN,STOCKMAX,OFERTA) 
VALUES (9,'Coca cola light 354 ml lata','CocaCola L lata',13.00,10,1,10,NULL);

INSERT INTO PRODUCTOS (CODPROD,DESCRIPL,DESCRIPC,PRECIOV,EXISTENCIAS,STOCKMIN,STOCKMAX,OFERTA) 
VALUES (10,'Coca cola light 600 ml no retornable','CocaCola L 600',15.00,20,1,10,0);

INSERT INTO PRODUCTOS (CODPROD,DESCRIPL,DESCRIPC,PRECIOV,EXISTENCIAS,STOCKMIN,STOCKMAX,OFERTA) 
VALUES (11,'Papas Sabritas adobadas 170 gr','PapasAdibadas ch',15.00,15,1,10,1);

INSERT INTO PRODUCTOS (CODPROD,DESCRIPL,DESCRIPC,PRECIOV,EXISTENCIAS,STOCKMIN,STOCKMAX,OFERTA) 
VALUES (12,'Fritos limón 180 gr','Fritos ch',15.00,16,1,10,NULL);

INSERT INTO PRODUCTOS (CODPROD,DESCRIPL,DESCRIPC,PRECIOV,EXISTENCIAS,STOCKMIN,STOCKMAX,OFERTA) 
VALUES (13,'Rufles de queso 200 gr','RuflesQ ch',15.00,17,1,10,NULL);

INSERT INTO PRODUCTOS (CODPROD,DESCRIPL,DESCRIPC,PRECIOV,EXISTENCIAS,STOCKMIN,STOCKMAX,OFERTA) 
VALUES (14,'Churrumais 200 gr','Churrumais ch',15.00,18,1,10,NULL);

INSERT INTO PRODUCTOS (CODPROD,DESCRIPL,DESCRIPC,PRECIOV,EXISTENCIAS,STOCKMIN,STOCKMAX,OFERTA) 
VALUES (15,'Gamesa Emperador de chocolate 200gr','Emperador choc ch',20.00,5,1,10,0);

INSERT INTO PRODUCTOS (CODPROD,DESCRIPL,DESCRIPC,PRECIOV,EXISTENCIAS,STOCKMIN,STOCKMAX,OFERTA) 
VALUES (16,'Gamesa Emperador piruetas limón 200gr','Emperador limón ch',20.00,6,1,10,1);

-- Insert en VENTAS
INSERT INTO VENTAS (NUMV,FECHA,HORA,SUBTOTAL,IVA,TOTAL,CLIENTES_RFC,PERSONAL_NUMSS) 
VALUES (1,DATE '2022-11-07',TIME '09:00:00',98.28,15.72,114.00,'CARH810911',321);

INSERT INTO VENTAS (NUMV,FECHA,HORA,SUBTOTAL,IVA,TOTAL,CLIENTES_RFC,PERSONAL_NUMSS) 
VALUES (2,DATE '2022-11-07',TIME '09:05:00',73.28,11.72,85.00,'DOME751202',321);

INSERT INTO VENTAS (NUMV,FECHA,HORA,SUBTOTAL,IVA,TOTAL,CLIENTES_RFC,PERSONAL_NUMSS) 
VALUES (3,DATE '2022-07-11',TIME '09:10:00',43.10,6.90,50.00,'CARH810911',456);

INSERT INTO VENTAS (NUMV,FECHA,HORA,SUBTOTAL,IVA,TOTAL,CLIENTES_RFC,PERSONAL_NUMSS) 
VALUES (4,DATE '2023-01-17',TIME '09:21:00',159.48,25.52,185.00,NULL,456);

-- Insert en PRODUCTOSV
INSERT INTO PRODUCTOSV (CANTIDAD,PRECIOV,SUBTOTAL_PROD,VENTAS_NUMV,PRODUCTOS_CODPROD) 
VALUES (1,35.00,35.00,1,1);

INSERT INTO PRODUCTOSV (CANTIDAD,PRECIOV,SUBTOTAL_PROD,VENTAS_NUMV,PRODUCTOS_CODPROD) 
VALUES (2,20.00,40.00,1,3);

INSERT INTO PRODUCTOSV (CANTIDAD,PRECIOV,SUBTOTAL_PROD,VENTAS_NUMV,PRODUCTOS_CODPROD) 
VALUES (3,13.00,39.00,1,8);

INSERT INTO PRODUCTOSV (CANTIDAD,PRECIOV,SUBTOTAL_PROD,VENTAS_NUMV,PRODUCTOS_CODPROD) 
VALUES (1,45.00,45.00,2,2);

INSERT INTO PRODUCTOSV (CANTIDAD,PRECIOV,SUBTOTAL_PROD,VENTAS_NUMV,PRODUCTOS_CODPROD) 
VALUES (2,20.00,40.00,2,5);

INSERT INTO PRODUCTOSV (CANTIDAD,PRECIOV,SUBTOTAL_PROD,VENTAS_NUMV,PRODUCTOS_CODPROD) 
VALUES (2,25.00,50.00,3,4);

INSERT INTO PRODUCTOSV (CANTIDAD,PRECIOV,SUBTOTAL_PROD,VENTAS_NUMV,PRODUCTOS_CODPROD) 
VALUES (1,35.00,35.00,4,1);

INSERT INTO PRODUCTOSV (CANTIDAD,PRECIOV,SUBTOTAL_PROD,VENTAS_NUMV,PRODUCTOS_CODPROD) 
VALUES (3,20.00,60.00,4,3);

INSERT INTO PRODUCTOSV (CANTIDAD,PRECIOV,SUBTOTAL_PROD,VENTAS_NUMV,PRODUCTOS_CODPROD) 
VALUES (3,10.00,30.00,4,6);

INSERT INTO PRODUCTOSV (CANTIDAD,PRECIOV,SUBTOTAL_PROD,VENTAS_NUMV,PRODUCTOS_CODPROD) 
VALUES (4,15.00,60.00,4,7);

-- Insert en COMPRAS
INSERT INTO COMPRAS (NUMC,FECHAHORAP,FECHAHORAE,TIPOPAGO,SUBTOTAL,IVA,TOTAL,PROVEEDORES_RFC)
 VALUES (1050,TIMESTAMP '2022-01-20 00:00:00',TIMESTAMP '2022-01-21 00:00:00','Efectivo',2198.28,351.72,2550.00,'CCF911030');

INSERT INTO COMPRAS (NUMC,FECHAHORAP,FECHAHORAE,TIPOPAGO,SUBTOTAL,IVA,TOTAL,PROVEEDORES_RFC)
 VALUES (1119,TIMESTAMP '2022-01-15 00:00:00',TIMESTAMP '2022-01-15 00:00:00','Transferencia',1482.76,237.24,1720.00,'CPC650101');

-- Insert en PRODUCTOSC
INSERT INTO PRODUCTOSC (CANTIDAD,PRECIOC,SUBTOTAL_PROD,COMPRAS_NUMC,PRODUCTOS_CODPROD) 
VALUES (50,7.00,350.00,1050,6);

INSERT INTO PRODUCTOSC (CANTIDAD,PRECIOC,SUBTOTAL_PROD,COMPRAS_NUMC,PRODUCTOS_CODPROD) 
VALUES (50,12.00,600.00,1050,7);

INSERT INTO PRODUCTOSC (CANTIDAD,PRECIOC,SUBTOTAL_PROD,COMPRAS_NUMC,PRODUCTOS_CODPROD) 
VALUES (50,10.00,500.00,1050,8);

INSERT INTO PRODUCTOSC (CANTIDAD,PRECIOC,SUBTOTAL_PROD,COMPRAS_NUMC,PRODUCTOS_CODPROD) 
VALUES (50,10.00,500.00,1050,9);

INSERT INTO PRODUCTOSC (CANTIDAD,PRECIOC,SUBTOTAL_PROD,COMPRAS_NUMC,PRODUCTOS_CODPROD) 
VALUES (50,12.00,600.00,1050,10);

INSERT INTO PRODUCTOSC (CANTIDAD,PRECIOC,SUBTOTAL_PROD,COMPRAS_NUMC,PRODUCTOS_CODPROD) 
VALUES (20,13.00,260.00,1119,11);

INSERT INTO PRODUCTOSC (CANTIDAD,PRECIOC,SUBTOTAL_PROD,COMPRAS_NUMC,PRODUCTOS_CODPROD) 
VALUES (20,13.00,260.00,1119,12);

INSERT INTO PRODUCTOSC (CANTIDAD,PRECIOC,SUBTOTAL_PROD,COMPRAS_NUMC,PRODUCTOS_CODPROD) 
VALUES (20,13.00,260.00,1119,13);

INSERT INTO PRODUCTOSC (CANTIDAD,PRECIOC,SUBTOTAL_PROD,COMPRAS_NUMC,PRODUCTOS_CODPROD) 
VALUES (20,13.00,260.00,1119,14);

INSERT INTO PRODUCTOSC (CANTIDAD,PRECIOC,SUBTOTAL_PROD,COMPRAS_NUMC,PRODUCTOS_CODPROD) 
VALUES (20,17.00,340.00,1119,15);

INSERT INTO PRODUCTOSC (CANTIDAD,PRECIOC,SUBTOTAL_PROD,COMPRAS_NUMC,PRODUCTOS_CODPROD) 
VALUES (20,17.00,340.00,1119,16);

-- Commit the transaction (Oracle requires explicit commit)
COMMIT;